userId:ID(User-ID),:LABEL
16,User
30,User
33,User
35,User
37,User
42,User
47,User
72,User
79,User
80,User
83,User
108,User
121,User
126,User
133,User
137,User
138,User
143,User
182,User
201,User
218,User
222,User
225,User
264,User
265,User
285,User
300,User
308,User
315,User
323,User
335,User
338,User
356,User
363,User
365,User
368,User
373,User
375,User
376,User
384,User
386,User
411,User
422,User
429,User
437,User
441,User
451,User
467,User
478,User
505,User
528,User
531,User
535,User
551,User
561,User
595,User
600,User
601,User
609,User
620,User
626,User
667,User
668,User
675,User
681,User
686,User
705,User
723,User
730,User
757,User
758,User
766,User
776,User
779,User
780,User
781,User
786,User
792,User
803,User
869,User
880,User
888,User
896,User
903,User
917,User
937,User
942,User
943,User
964,User
977,User
986,User
993,User
1028,User
1061,User
1062,User
1079,User
1120,User
1133,User
1140,User
1144,User
1159,User
1170,User
1183,User
1190,User
1212,User
1224,User
1247,User
1257,User
1261,User
1263,User
1293,User
1323,User
1328,User
1344,User
1351,User
1353,User
1354,User
1360,User
1367,User
1376,User
1381,User
1385,User
1386,User
1397,User
1398,User
1408,User
1413,User
1419,User
1437,User
1448,User
1456,User
1479,User
1481,User
1485,User
1495,User
1503,User
1520,User
1541,User
1559,User
1590,User
1592,User
1604,User
1605,User
1610,User
1613,User
1632,User
1638,User
1642,User
1663,User
1671,User
1677,User
1683,User
1700,User
1713,User
1714,User
1734,User
1740,User
1745,User
1757,User
1782,User
1792,User
1796,User
1825,User
1836,User
1839,User
1842,User
1849,User
1853,User
1860,User
1863,User
1882,User
1884,User
1889,User
1896,User
1906,User
1917,User
1926,User
1933,User
1934,User
1952,User
1957,User
1961,User
1962,User
1967,User
2004,User
2009,User
2012,User
2028,User
2029,User
2035,User
2052,User
2061,User
2081,User
2087,User
2097,User
2168,User
2178,User
2180,User
2199,User
2209,User
2214,User
2221,User
2239,User
2249,User
2260,User
2261,User
2263,User
2303,User
2304,User
2309,User
2315,User
2316,User
2320,User
2322,User
2324,User
2329,User
2343,User
2345,User
2351,User
2358,User
2362,User
2373,User
2391,User
2426,User
2435,User
2439,User
2446,User
2447,User
2465,User
2487,User
2488,User
2518,User
2556,User
2563,User
2571,User
2591,User
2597,User
2630,User
2664,User
2667,User
2669,User
2676,User
2682,User
2683,User
2695,User
2707,User
2720,User
2732,User
2733,User
2766,User
2798,User
2807,User
2811,User
2827,User
2829,User
2836,User
2841,User
2846,User
2864,User
2890,User
2894,User
2903,User
2904,User
2913,User
2915,User
2916,User
2928,User
2931,User
2934,User
2938,User
2943,User
2953,User
2962,User
2978,User
2986,User
3013,User
3041,User
3050,User
3051,User
3054,User
3059,User
3087,User
3088,User
3089,User
3094,User
3111,User
3119,User
3120,User
3141,User
3143,User
3158,User
3160,User
3168,User
3177,User
3179,User
3186,User
3189,User
3204,User
3205,User
3208,User
3209,User
3212,User
3217,User
3225,User
3241,User
3242,User
3256,User
3258,User
3266,User
3281,User
3282,User
3287,User
3288,User
3296,User
3308,User
3312,User
3315,User
3326,User
3329,User
3340,User
3346,User
3347,User
3354,User
3397,User
3412,User
3425,User
3448,User
3450,User
3457,User
3463,User
3470,User
3473,User
3477,User
3494,User
3500,User
3501,User
3502,User
3504,User
3512,User
3533,User
3539,User
3544,User
3560,User
3583,User
3596,User
3600,User
3601,User
3644,User
3675,User
3699,User
3700,User
3716,User
3742,User
3744,User
3781,User
3786,User
3790,User
3791,User
3802,User
3803,User
3810,User
3819,User
3828,User
3839,User
3840,User
3862,User
3864,User
3876,User
3879,User
3887,User
3895,User
3915,User
3929,User
3947,User
3956,User
3961,User
3967,User
3998,User
4015,User
4035,User
4042,User
4043,User
4044,User
4052,User
4062,User
4085,User
4106,User
4129,User
4131,User
4132,User
4134,User
4146,User
4166,User
4167,User
4170,User
4172,User
4191,User
4214,User
4240,User
4244,User
4247,User
4264,User
4271,User
4286,User
4293,User
4296,User
4300,User
4309,User
4322,User
4332,User
4338,User
4339,User
4343,User
4353,User
4367,User
4376,User
4391,User
4396,User
4397,User
4403,User
4425,User
4428,User
4430,User
4450,User
4471,User
4487,User
4489,User
4490,User
4494,User
4508,User
4511,User
4528,User
4531,User
4561,User
4564,User
4591,User
4596,User
4602,User
4605,User
4608,User
4619,User
4632,User
4637,User
4639,User
4640,User
4661,User
4662,User
4669,User
4672,User
4681,User
4682,User
4683,User
4685,User
4688,User
4699,User
4706,User
4711,User
4715,User
4724,User
4740,User
4746,User
4799,User
4906,User
5137,User
5160,User
5285,User
5389,User
5552,User
5726,User
5794,User
5829,User
5856,User
6002,User
6007,User
6169,User
6248,User
6414,User
6497,User
6978,User
6993,User
6995,User
7068,User
7124,User
7135,User
7303,User
7466,User
7487,User
7517,User
7725,User
7741,User
7896,User
8011,User
8270,User
8424,User
8665,User
8745,User
8779,User
8816,User
8830,User
8851,User
8884,User
9051,User
9055,User
9101,User
9305,User
9415,User
9417,User
9471,User
9474,User
9601,User
9613,User
9620,User
9646,User
9722,User
9732,User
9762,User
9836,User
9939,User
10010,User
10038,User
10109,User
10296,User
10394,User
10443,User
10523,User
10580,User
10605,User
10632,User
10753,User
10788,User
10834,User
10835,User
10868,User
10913,User
11017,User
11187,User
11222,User
11235,User
11437,User
11598,User
11735,User
11741,User
11760,User
11905,User
11938,User
12220,User
12248,User
12398,User
12565,User
12713,User
12870,User
13018,User
13020,User
13048,User
13225,User
13237,User
13310,User
13429,User
13455,User
13636,User
13664,User
13804,User
14009,User
14505,User
14523,User
14642,User
14698,User
14776,User
14957,User
15175,User
15177,User
15281,User
15383,User
15538,User
15567,User
15711,User
15727,User
15943,User
16216,User
16280,User
16535,User
16742,User
16774,User
16796,User
16885,User
16926,User
17051,User
17076,User
17100,User
17426,User
17571,User
17650,User
17778,User
17890,User
17921,User
18082,User
18175,User
18245,User
18272,User
18346,User
18390,User
18447,User
18608,User
18758,User
18774,User
18818,User
18857,User
18879,User
18894,User
19229,User
19509,User
19517,User
19694,User
19757,User
19764,User
19945,User
19948,User
20198,User
20200,User
20323,User
20409,User
20446,User
20556,User
20831,User
20901,User
20945,User
20958,User
21022,User
21157,User
21312,User
21315,User
21461,User
21588,User
21672,User
21780,User
21867,User
22335,User
22447,User
22481,User
22571,User
22632,User
22635,User
22728,User
22960,User
23031,User
23062,User
23087,User
23267,User
23417,User
23512,User
23536,User
23776,User
23793,User
23964,User
23982,User
24002,User
24239,User
24311,User
24337,User
24628,User
24813,User
25125,User
25293,User
25384,User
25427,User
25550,User
25628,User
25698,User
25743,User
25766,User
25862,User
26043,User
26056,User
26098,User
26129,User
26335,User
26363,User
26395,User
26455,User
26477,User
26607,User
26620,User
26868,User
27097,User
27195,User
27401,User
27421,User
27476,User
27507,User
27632,User
27724,User
27836,User
27912,User
28084,User
28498,User
28664,User
28858,User
28906,User
28907,User
29118,User
29205,User
29261,User
29293,User
29434,User
29494,User
29500,User
30091,User
30165,User
30177,User
30180,User
30202,User
30272,User
30402,User
30556,User
30583,User
30816,User
30822,User
30880,User
31252,User
31280,User
31284,User
31314,User
31380,User
31420,User
31706,User
31797,User
31817,User
31957,User
32068,User
32259,User
32337,User
32359,User
32537,User
32621,User
32962,User
33045,User
33241,User
33350,User
33383,User
33412,User
33610,User
33702,User
33784,User
33838,User
34014,User
34149,User
34212,User
34246,User
34313,User
34318,User
34365,User
34374,User
34382,User
34649,User
34792,User
34897,User
35008,User
35015,User
35300,User
35411,User
35584,User
35664,User
35869,User
35870,User
35883,User
36065,User
36204,User
36606,User
36778,User
37141,User
37314,User
37441,User
37457,User
37611,User
37625,User
37814,User
37827,User
37878,User
38197,User
38253,User
38444,User
38519,User
38561,User
38576,User
38597,User
38693,User
38768,User
38853,User
38866,User
38892,User
38943,User
38963,User
38996,User
39095,User
39130,User
39166,User
39336,User
39407,User
39437,User
39513,User
39531,User
39689,User
39692,User
39796,User
39821,User
39835,User
39865,User
40069,User
40096,User
40122,User
40142,User
40150,User
40286,User
40303,User
40307,User
40532,User
40601,User
40666,User
40670,User
40697,User
40703,User
40742,User
40787,User
41065,User
41221,User
41235,User
41388,User
41437,User
41604,User
41726,User
41930,User
41936,User
41945,User
42163,User
42488,User
42682,User
42689,User
42718,User
42781,User
42786,User
43497,User
43529,User
43559,User
43731,User
43754,User
43852,User
43925,User
44003,User
44208,User
44229,User
44508,User
44843,User
45015,User
45021,User
45022,User
45063,User
45235,User
45268,User
45291,User
45408,User
45449,User
45562,User
45614,User
45674,User
45741,User
45889,User
45976,User
46037,User
46176,User
46329,User
46441,User
46641,User
46718,User
46775,User
46866,User
47104,User
47130,User
47340,User
47458,User
47576,User
47653,User
47673,User
47798,User
47805,User
47819,User
47886,User
48075,User
48089,User
48133,User
48262,User
48399,User
48401,User
48468,User
48581,User
48685,User
48709,User
48765,User
48920,User
49593,User
49602,User
49659,User
49852,User
49882,User
49938,User
50042,User
50100,User
50323,User
50416,User
50478,User
50508,User
50626,User
50794,User
50886,User
50914,User
50981,User
50993,User
51082,User
51191,User
51217,User
51424,User
51428,User
51564,User
51913,User
51980,User
52033,User
52051,User
52104,User
52500,User
52781,User
53001,User
53047,User
53090,User
53177,User
53206,User
53294,User
53336,User
53567,User
53740,User
54217,User
54385,User
54471,User
54489,User
54655,User
54678,User
54708,User
54734,User
54790,User
54860,User
55091,User
55094,User
55671,User
55709,User
55768,User
55778,User
55883,User
55966,User
56140,User
56142,User
56217,User
56266,User
56378,User
56551,User
56573,User
56586,User
56842,User
56932,User
57149,User
57232,User
57311,User
57331,User
57353,User
57537,User
57554,User
57558,User
57658,User
57937,User
58008,User
58014,User
58066,User
58081,User
58208,User
58289,User
58381,User
58484,User
58498,User
58597,User
58731,User
58735,User
58894,User
59290,User
59419,User
59513,User
59528,User
59542,User
59615,User
59619,User
59685,User
59756,User
59935,User
60047,User
60133,User
60155,User
60241,User
60430,User
60549,User
60586,User
60590,User
60624,User
60753,User
60769,User
60938,User
61156,User
61317,User
61408,User
